,$X^0$,$X^1$,$X^2$,$Y$
0,-0.592113,-1.457841,-2.438788,-2.617081
1,0.14630541,-0.483836,-1.0096734,-4.0326095
2,1.185465,0.8470189,-1.2077051,-3.301702
3,1.8836275,1.3118665,-1.3870225,-1.2378036
4,-0.05913006,1.9143542,-0.6787577,-1.303619
5,-0.97921604,0.58325285,-0.1528594,0.0917086
6,-0.17041595,-1.0135336,-0.76036704,-0.06893921
7,0.3944948,0.7918601,-2.8225396,-2.5370166
8,0.791194,0.23162222,-0.27693263,-1.251576
9,4.406567,-0.08869745,1.340972,0.40395847
10,3.6554875,1.2661059,2.1855817,0.5676834
11,3.694407,1.4425042,0.93942386,2.5058162
12,3.5400867,1.4656407,1.2956026,1.54898
13,3.129452,3.1909509,1.6424254,2.2366488
14,1.8753471,1.5901474,2.6840878,1.551212
15,2.0717123,2.0409434,2.703483,0.5941124
16,0.67737335,1.4856735,1.4400989,1.7587521
17,0.23734273,1.3085637,1.2346544,1.5884209
18,-0.31922364,2.444463,1.383789,1.0407317
19,-0.14158241,2.2189598,2.5727646,0.21082559
20,2.215551,2.091568,2.4063642,1.1290125
21,-0.3163796,2.536605,2.8536625,2.5448692
22,0.46479443,1.4106706,1.954703,2.5585647
23,-1.2873597,0.14825977,2.7629037,2.3629012
24,-1.3730837,-0.9410274,1.5633948,1.1523868
25,0.12779203,-2.6250758,-0.5422127,1.7952082
26,0.15373445,0.21865411,0.63280684,-1.1744318
27,-0.9701306,-0.95015055,1.0887845,0.34538803
28,-1.3943951,-0.886359,-0.28270802,1.3715038
29,-0.29647884,-0.8972646,-1.0769979,0.46027562
30,-0.93790185,-0.32067853,-0.4806721,-0.6879618
31,-0.44007272,0.5912622,-0.028867317,-1.2474667
32,-0.26247907,1.2743571,0.21309651,0.555792
33,-0.83533573,0.30897254,0.6202325,-0.913044
34,1.559209,0.04915907,1.904801,-1.1925215
35,1.7253653,0.3169913,2.3456173,0.20902766
36,-0.817387,-0.026797216,1.7719156,2.667983
37,-0.3857166,1.5885875,1.6584315,1.9868902
38,-0.931788,1.6029862,0.037266087,0.7306571
39,0.20018171,1.8569682,0.5507997,0.1311012
40,-0.6523936,1.962759,2.4961364,0.06986717
41,-0.57141197,2.5474052,1.2920954,0.5786855
42,0.104998924,1.9642053,0.1936124,2.1224005
43,0.93925446,0.07811172,-0.14144187,-0.031497058
44,-0.5428183,0.45436615,-0.9568807,1.7430785
45,-0.7144741,-0.33330056,-1.2808926,1.1250184
46,-0.97507715,-0.76192707,-1.2205094,0.8189569
47,-1.3358833,0.053015083,-2.3632226,-0.97096133
48,0.83033603,1.2753936,-1.4225665,-1.7401879
49,0.9862169,0.9140471,0.6121398,-2.2771077
50,-0.5705321,0.948666,-0.22163348,-0.81059676
51,0.5184895,2.366281,1.4840939,0.15638953
52,2.4850988,1.8971499,1.8297932,2.5292106
53,2.7720344,3.929688,2.821927,1.5128944
54,0.42105412,3.316291,2.0934734,2.708767
55,-0.18949617,0.56064093,2.648731,2.517066
56,1.1342639,1.1457902,0.3066606,0.7447586
57,0.086315274,1.1832116,1.4995886,1.4679277
58,0.50424016,2.1180007,1.175539,0.71692157
59,1.1276022,2.155782,1.665469,1.086042
60,-0.13760893,1.3705914,0.3138168,1.305332
61,-0.1558516,-0.26488426,-0.49156496,0.10491746
62,-3.3503635,-0.39444223,0.26729858,-0.24585116
63,-3.369642,-1.12663,-1.5636598,-0.95599174
64,-2.6113176,-1.3691643,-1.217878,-2.2789729
65,-3.0757055,-0.36983663,-2.7721732,-2.9232984
66,-0.5205825,1.4110188,-1.2270209,-2.6477723
67,-1.7945491,1.3823848,-1.6679465,0.2817873
68,-1.6962289,-0.2282137,-0.3641062,-0.49700928
69,-1.0566196,0.28485307,0.05868931,0.26678348
70,0.7016396,1.3960286,-0.82178044,-1.4143862
71,-0.9447145,0.36743718,0.59067,-0.31717154
72,0.50186366,0.12318886,0.44032177,-1.1034244
73,0.36153764,0.100920394,-0.19367044,-1.6171553
74,-0.7284323,-0.7142541,-1.0128984,-1.3712101
75,-0.04779912,0.14830258,-2.7576122,-0.05028137
76,0.16560031,-0.017136341,-1.0090555,-0.15304092
77,-0.48429665,0.407537,-2.0396376,-0.19214104
78,-0.26920557,-0.60221624,-0.93982655,-2.440764
79,-0.5737575,-0.8590097,-0.9076458,-1.7228012
80,-0.28811294,0.12107457,-0.061233576,-1.0370322
81,0.4604516,-0.28808096,-0.36606994,-0.29717776
82,1.908333,1.5253072,-0.47800866,-2.0746186
83,0.09801756,0.66807884,1.1795944,-1.2246407
84,2.2016456,0.6923399,1.0780745,0.071122974
85,-0.41093582,1.4172288,1.4339904,1.574767
86,-0.43944016,-0.42630553,1.3875213,-0.79136646
87,0.2807091,-2.0592227,-1.0149606,-0.0968112
88,0.47748825,-2.9671123,-0.106394365,-0.6573627
89,-0.28845772,-0.81439453,0.06134678,0.046184406
90,-0.41004264,-1.1219343,-1.2065802,0.5152996
91,-0.7800308,1.7728451,-1.1537659,-0.00033631324
92,-1.1353863,0.676744,-0.4176274,-1.0630186
93,0.05483166,0.6582721,-0.43503892,-2.591989
94,0.39539766,2.0029004,0.25896126,-1.4612433
95,-0.41613123,3.408123,2.040507,1.0003786
96,0.608308,4.44719,2.7004187,3.2082074
97,0.73311514,4.321399,1.0490898,4.085099
98,1.3260427,4.0490417,2.1575177,3.4939194
99,1.5578587,3.4268563,3.482709,3.7152312
100,0.2615061,3.1771605,3.1251059,3.3200002
101,-0.37712675,1.6728266,3.3412666,3.1357155
102,0.48330486,0.3527798,3.9420438,4.5190024
103,0.9486837,0.2435714,3.1619484,2.6090775
104,0.643177,0.00031535327,2.0687337,4.1616406
105,0.56755126,-0.4530073,2.208154,2.29882
106,1.6749508,0.37928236,1.2718736,3.1511307
107,0.5808942,1.2208029,1.0706865,0.7732333
108,0.9537233,0.9429689,0.5442684,1.6838115
109,0.46541366,2.1376083,2.2148862,0.5338003
110,0.108108364,0.35463673,0.8096188,0.20481184
111,1.1744527,0.054586254,2.029726,0.71685535
112,1.6475332,-0.67861193,1.760535,2.353912
113,1.9667828,-2.341565,-0.32525444,0.99462163
114,2.6822267,-1.7217761,0.13006568,-1.3062255
115,1.8985626,-1.3269908,-1.8429035,-0.37021863
116,2.0109468,0.5845562,-0.1816294,-0.8583698
117,1.097396,1.040001,1.3135175,0.65142053
118,1.0923436,-0.29618612,0.49188218,2.1630492
119,0.63449746,1.6467624,0.52872026,1.1617888
120,0.5411442,2.3737674,2.6747694,2.9879587
121,0.97395796,2.2437348,1.4146203,3.072308
122,-0.13645011,1.3441303,0.29194108,2.0918832
123,1.9968721,-0.018548023,1.86917,-0.41650167
124,0.39179313,-0.3851904,3.2928371,0.7140726
125,-0.93993336,0.8191153,1.6514349,1.2676975
126,0.5001575,2.457967,1.8130168,2.103794
127,1.141773,3.2638204,2.8396091,2.6208327
128,1.423361,1.7958249,1.558439,1.8859264
129,1.6246982,0.13745996,0.9377508,2.1938376
130,1.125042,0.23710822,2.0521817,2.2765982
131,-0.109724976,-1.6024636,2.9835353,3.5319736
132,-0.001002922,-0.7985568,1.7122107,3.15127
133,-0.6778637,-0.7065923,-0.18362094,2.546327
134,0.5006151,-0.9606511,1.6183594,0.7282773
135,0.2033732,-2.2671587,0.18620165,1.2349596
136,-0.683136,-1.073411,-0.6547941,1.4052124
137,-0.79958105,-1.2840885,-0.3363686,-1.3839194
138,-0.14677529,-2.0687788,0.96924233,-1.4542885
139,-0.6664673,-4.3204074,0.89548624,-1.409698
140,-1.2887475,-3.0518,-0.13476631,-0.82390654
141,-0.65843606,-0.3640084,-0.47220415,-0.021356406
142,-0.21593867,1.4064533,-0.3970763,-0.9988874
143,-0.65810025,0.527421,0.5977043,-2.710587
144,-0.93170846,-0.23301737,-2.2568438,-1.2835096
145,-0.420146,0.3056621,-1.6579745,-0.7356128
146,-1.7421865,-0.784422,-0.6105621,-0.4427018
147,-2.6269944,-0.24730349,-1.9616169,-0.49844104
148,-2.5573404,0.5929678,-1.1693447,-1.838876
149,-2.0035853,1.6420107,-1.182018,-2.8751938
150,-1.0916022,1.0492533,1.0921516,-1.1799053
151,0.7112347,0.53080356,2.1106257,-0.87785304
152,1.355524,-0.50642014,0.837915,2.9256134
153,0.7889282,-1.1813744,0.4379406,2.2457392
154,0.5332335,-1.053441,0.06653349,0.41433442
155,-0.6292659,-0.37004322,-0.52243423,-0.5230796
156,-0.45899928,0.65455437,-0.26605397,-0.7110116
157,-0.6099582,-0.3449909,-0.852198,-0.59121716
158,-0.10425216,1.251195,-1.7477041,0.34847796
159,-0.90020746,0.6047129,-0.021752262,-0.14388573
160,-0.11079869,0.40193173,0.5595546,-0.85698587
161,1.4551798,-0.46585947,-0.46631187,1.829695
162,0.90986574,-2.750342,0.86006355,0.7925257
163,1.0386177,-1.0411938,-0.5696412,1.0617801
164,1.4171764,0.008008194,-0.032170568,-0.41188613
165,0.59080297,-0.27572182,1.0892957,0.47052988
166,0.63765454,-0.12601456,0.57405156,0.9980565
167,0.45895058,0.42772904,0.8440947,-1.158478
168,0.4189415,-1.2631356,0.08295361,2.0668576
169,-0.47975072,-1.4132476,-0.32382858,1.9817302
170,-0.31131533,-0.19500864,-0.7463734,-0.112634316
171,0.28007758,-1.3907955,-1.2210298,-1.5471376
172,1.647198,-0.6799989,-1.0094327,-0.9818489
173,2.1123095,-1.832581,-1.8598949,-0.5163751
174,3.6317992,-0.81637675,-1.3651556,-0.53889334
175,1.7749119,-0.6071052,-0.40436876,-0.00695771
176,2.114759,-2.0401056,-0.22480279,0.5752717
177,1.6636733,-0.26333454,-0.33896816,1.6024239
178,3.3543742,-0.91892576,0.048819475,1.3535533
179,1.5397637,-1.4535005,0.99094087,-0.0016167902
180,0.23811272,-0.8168812,1.3872402,1.7755452
181,-0.43271375,0.5768205,-0.071898855,2.789975
182,-2.4267952,-0.6120475,-1.2103289,4.268109
183,-2.2245116,-0.3667534,-2.2549775,-0.5081506
184,-2.3162909,0.17208911,-2.1329446,-1.3806221
185,-1.4710099,0.81356794,-1.8472339,-3.9163659
186,-0.6879509,0.74593914,-1.8251014,-1.883779
187,1.3946053,0.15512955,-2.1970696,-2.020155
188,1.9266475,-0.71899956,-1.2447088,0.5465029
189,0.7717496,-0.4171558,-0.19939817,-0.81236774
190,-0.35818994,-1.3641481,0.56624913,-2.0229707
191,0.2411862,-3.876254,-0.6187661,-1.39842
192,-1.1514028,-2.276818,-1.4493945,-3.5093758
193,1.0254768,-0.6898378,-2.3370397,-1.9180528
194,1.8972739,-2.845819,-1.1328312,-3.6999924
195,0.85891604,-3.0018039,-1.6045533,-2.0943809
196,-1.1118933,-1.4821085,-0.6577264,-3.985963
197,0.5755471,1.0200194,-2.6335301,-2.6965742
198,0.28834313,0.7348073,-1.3572813,-0.16955027
199,1.4396565,-0.21363784,-0.17290322,-0.04545467
200,-0.58666813,-0.33244294,0.34258664,-0.70563304
201,-1.0100427,1.1421664,2.6805048,-0.36024427
202,-0.70178616,0.15355226,1.7164772,0.9725458
203,-0.44426972,-0.6917054,-0.25546274,1.4385928
204,-0.7610543,-0.9669373,-0.45039064,-1.1208014
205,0.09011195,-1.6301848,-2.3470402,-0.38150787
206,-1.004542,-1.0184591,-1.5621344,-4.1038256
207,-0.8455589,0.9117571,-2.0187235,-3.3008687
208,-0.4715956,0.96130925,-0.080731854,-2.602871
209,0.1843219,0.42056298,-0.49196348,-0.34217155
210,0.84064025,0.0025828301,-0.2417707,-0.19004618
211,-0.53619397,-1.5613829,-0.58779854,-1.4096452
212,-1.9094499,-0.20985827,1.0254366,-2.203486
213,-0.058938134,-0.22473799,-0.2323861,-0.6964013
214,0.29105732,-0.3377965,1.6596287,-0.50731754
215,-0.5447464,2.95665,1.6346183,-0.12754744
216,1.1698295,2.368408,1.7817566,0.60437524
217,0.9345553,0.9060945,1.9672589,2.3582683
218,1.833486,0.20790854,1.7455567,1.5806483
219,1.3509587,1.2939817,-0.6466153,1.6506696
220,3.006419,1.0190576,-0.07320303,3.1005464
221,3.8598342,-0.7249376,1.6136518,0.59234995
222,2.4529197,0.41177258,1.384908,-0.34246275
223,2.6886148,-0.37990332,-0.13979743,1.7735062
224,2.5274065,1.6073655,0.33943912,0.43658277
225,3.1378162,2.205204,2.7007794,0.81912565
226,1.2315478,1.0963209,3.6658854,1.6954098
227,1.5481349,2.048441,2.2365127,2.3502917
228,2.142119,1.5017642,2.7890208,4.152575
229,-0.2592562,1.9040086,1.7567799,4.3075433
230,-1.3647379,1.8175389,-0.4965312,3.6169033
231,-2.9945488,0.42592058,-1.0821714,-0.07751806
232,-2.365591,-0.34540546,0.5080774,-2.128755
233,-0.9383715,0.7881771,-0.5621537,-4.029549
234,0.84549695,0.21694863,-0.5544997,-2.6761007
235,0.66594267,-0.2517844,-0.36459887,-0.123047866
236,2.0947754,-1.1313717,1.8046687,0.4047195
237,0.086241364,-0.36836115,2.720974,0.8549228
238,-1.6430135,1.8046722,3.5228434,1.3516345
239,-1.2056571,0.19573767,1.6347083,1.2932373
240,-0.45989454,0.16123582,0.9109948,1.1739533
241,-0.35462093,1.5250857,-1.1208769,1.5401257
242,-2.315677,0.9879186,1.150589,-1.2140944
243,-1.7100939,1.1439148,-0.8580367,0.008693874
244,-2.5015352,-0.26165318,-0.3254786,0.4794619
245,-1.0814021,0.24514985,-1.8126795,-0.9061446
246,-0.39038318,-0.015539369,-1.6624571,-0.5540795
247,-1.213148,0.97485244,-1.7496755,1.8468554
248,-1.3630705,1.8697827,-1.5303721,-0.11312995
249,-2.013363,3.8984115,-1.2029663,-0.16275135
250,-1.4720331,3.3085213,-0.77274215,-0.90733445
251,-0.07528088,2.6417613,0.8142605,-0.12348184
252,-1.0384227,2.0436172,-0.1844365,1.2498792
253,-0.2228494,1.0773658,0.3293621,0.8220584
254,-0.68625224,1.0926399,1.5535436,-0.3882238
255,-1.2732494,0.4694465,0.34485295,0.7537672
256,-0.9983049,0.49707353,-0.706253,1.7408836
257,-1.7340558,1.665549,-0.6838974,0.76224184
258,-1.7674884,0.15934177,0.82407516,0.9796237
259,-2.4351196,1.2514178,0.28451586,0.16283825
260,0.2601414,2.1931076,-0.6256968,0.69210154
261,0.21736254,1.4171067,0.6616781,0.7964796
262,-0.5475717,-1.1298801,-0.44455928,-0.04075382
263,-0.16932029,-1.398738,0.12358952,-0.21109462
264,-0.23085225,0.31787795,0.1567904,-1.3403102
265,-0.38256618,0.1996465,-0.21200812,-1.088883
266,0.34637034,-0.85954964,-0.9811739,-0.3676121
267,0.9999669,-1.1064596,-1.4799037,-0.34490597
268,0.16947572,0.06609831,-0.22643305,-1.9404548
269,-0.45718524,0.5930024,1.1628789,0.23434535
270,-0.5950813,0.17616956,-0.028704893,1.1580594
271,-2.718478,-0.24350573,0.3602519,-0.336769
272,-3.4181256,-0.56221217,-2.4992979,-2.1205883
273,-1.0258137,-1.3159587,-2.6303344,-2.7889266
274,0.92689806,0.6942045,-1.8145806,-3.0820026
275,0.3997926,0.16362269,-1.4927531,-1.5212723
276,0.8564118,1.3316945,-1.5702,-1.4560437
277,0.9107384,2.4535022,-1.0152582,-2.780333
278,3.7163978,2.7157624,0.45741174,-1.2337353
279,3.7210534,1.4694134,1.3278089,0.67028344
280,2.4768198,1.4323195,-0.5362334,2.4709914
281,0.7782334,0.97842807,-1.606989,0.8575313
282,-1.0616829,-0.2188022,-1.0590273,1.7302239
283,-0.53971446,0.17119773,-0.32792413,-1.8992589
284,-1.1341509,-1.0592015,-2.9851704,0.34659097
285,-2.2161593,0.44623837,-2.430986,-1.7184212
286,-2.1978843,-0.15225045,-2.095725,-1.1541622
287,-2.6200671,0.09458434,-0.12955175,-1.6901803
288,-0.14690533,0.34949693,-0.95489424,-0.093433805
289,0.77880603,-0.0142571125,-0.053939812,-0.76617485
290,0.53719157,0.57671386,0.267197,-1.2737564
291,1.8559783,-0.07120394,-1.774187,1.2406616
292,1.376553,0.8214545,0.23806857,0.030064095
293,0.102302946,-0.7709615,0.7740323,0.76841307
294,1.5947362,-0.41329348,0.76155305,1.7179983
295,1.6552254,1.6496235,4.543303,0.19615382
296,0.121411666,0.15440518,0.8485084,3.1522434
297,-0.1053505,-0.5696614,2.204114,1.0655693
298,-0.94936365,0.115144886,0.6796071,1.0407015
299,-2.0473542,0.2601832,0.46028864,0.59355867
300,-0.5069704,0.53275836,-0.17280212,-1.4361172
301,1.5545374,0.86211795,-0.5054798,-1.4172472
302,-0.31039137,1.238204,-0.33924174,1.0653132
303,0.34569526,1.9764427,0.34545037,1.3621824
304,-0.40865588,1.7933285,-0.8800209,1.0848411
305,-0.77318454,1.0140723,0.58750325,0.60198605
306,-1.1336231,1.3824244,-0.07426524,0.22973077
307,-1.657527,2.867579,-1.1174418,1.4685298
308,-1.1117473,1.8746716,-0.7667234,0.18209304
309,-1.6091732,0.33774078,1.0263724,0.15057483
310,-0.8559644,1.3434992,-0.27643532,1.3625226
311,-0.6494132,0.82006824,0.3177429,-0.24542959
312,-0.6935373,-1.5986218,-0.5379538,1.6218454
313,-1.3930398,-0.2716136,0.030513149,-1.5553366
314,-1.5518992,-0.7254577,0.3678336,0.686782
315,-0.3309382,-0.5983537,1.5770541,-0.40630075
316,0.26926047,-0.08686726,0.42710477,0.03974421
317,-0.7890729,0.1296926,0.9186858,-1.6667919
318,-0.4530187,0.80023664,0.42553437,-0.88591325
319,0.43427402,0.124679275,1.5780824,-1.1545146
320,-1.3654134,0.6003813,0.1819995,-0.32642853
321,-0.4124292,0.16072026,0.68299866,-0.348089
322,-0.9513242,0.85131466,0.09646025,1.0414137
323,-0.095328294,1.2112877,-0.03595996,0.642751
324,-0.82998896,-0.087537274,0.2969644,0.7735849
325,-2.3858743,1.024706,0.21721736,-0.850805
326,-3.2976544,0.18133079,-0.279854,-1.4064229
327,-2.2602732,0.93498933,-0.54847854,0.50094956
328,-1.3224688,1.0217799,1.038822,-1.0192693
329,-1.8300447,2.5534296,1.4447229,1.6038916
330,-0.6424388,1.5639347,1.736193,1.1210616
331,-2.1112273,0.7454375,0.5968561,1.3294889
332,-1.5439389,0.5023866,-0.8639707,1.5677452
333,-2.2917733,0.04849087,0.31500474,1.3450917
334,-2.2560775,0.8338855,0.5848927,0.10456954
335,-1.5318556,-1.0325907,1.4806787,-0.39689657
336,-1.9327123,-1.7764959,-0.37653053,-0.13529691
337,-1.7374542,-2.31135,-1.1596556,-0.6086151
338,-0.2099251,-0.66763747,-3.0290728,-0.6257655
339,-0.72383946,1.2432672,-2.08252,-1.6332179
340,0.3290045,0.7658378,0.059196062,-0.76352334
341,-0.8994037,0.36726472,-0.21792887,1.5755974
342,-0.099778414,0.32713747,0.42508757,0.8179492
343,1.3717238,1.3908746,0.06751249,0.85433936
344,-1.5114378,0.046259094,0.910333,-0.59765035
345,-1.8549017,0.27075034,-0.98556066,-2.798693
346,-0.721359,1.1647228,-0.7244012,-1.442156
347,-0.70799667,1.3164002,-3.264664,-0.8727743
348,-0.124451794,1.1110617,-1.6975474,-2.0480773
349,-0.69110143,1.7787893,-2.2819252,-1.0573977
350,-0.3971812,-1.4580798,0.28256947,-1.1785953
351,-0.43370408,-0.34278053,0.5476399,0.39831766
352,0.8641892,-0.89402205,0.585194,0.30919698
353,0.8593533,-2.4564483,1.8076366,-0.3951334
354,0.93915,-1.2083112,-0.36451718,1.2357485
355,0.24552801,0.5278407,1.5112723,0.07752923
356,-0.31573662,0.23203996,1.8425015,1.316731
357,-0.6535738,1.1153026,0.6679562,0.769543
358,-0.06304951,2.39299,1.5619439,0.01751852
359,-0.46511912,2.9900076,0.14066651,1.1819413
360,-0.035808522,3.73297,-0.24920322,1.0468495
361,2.050335,3.3552065,0.0062410114,1.5383179
362,2.306359,2.4240782,0.55525106,1.430286
363,1.2884278,0.09488897,0.16715537,-0.09605737
364,2.1031134,-0.1796402,1.583324,-0.12767132
365,1.0641041,-0.96899474,0.9175023,1.7607743
366,-1.2932518,1.4926465,0.830278,0.7929564
367,-1.9133625,0.8689667,-0.115333445,0.4427893
368,-3.2101457,0.7314815,-2.0871491,0.90847963
369,-2.5986154,1.0635225,-1.2692502,-1.6791738
370,-1.8006124,0.7880682,-2.8538988,-3.0291915
371,0.41600853,2.2466989,-1.6980922,-2.716376
372,0.6181333,0.9500398,-1.6848196,-1.7174197
373,0.21359278,0.8596353,1.4585009,-2.0135074
374,0.9789206,-0.14072585,1.8552587,-0.18273547
375,-1.525891,-1.4185306,1.201022,1.3281538
376,-0.8325091,-1.6047405,1.2753335,0.41349745
377,0.18810883,-1.1603551,-0.69609916,0.49506357
378,-1.34691,-1.2415508,0.0009805501,1.5385442
379,0.200917,-1.5615065,-0.31739146,-0.24476114
380,0.4791383,-2.499372,-0.16679356,-0.21863031
381,-0.07989109,-1.8326659,0.78491,-1.0674297
382,0.5768581,-2.7875865,0.7424357,-1.341879
383,2.6744936,-1.1912545,0.21779591,-1.2668307
384,2.0540118,-0.7514384,-1.2493416,-0.6017247
385,1.6860288,-1.9835583,-1.3242023,-0.12043605
386,0.7208593,-1.6976999,-0.84431595,1.7117147
387,-0.3452429,-1.9405463,-0.5241537,-0.564452
388,0.5886658,-1.0392079,-1.8494383,-1.3092254
389,-0.44401777,0.61300486,1.396849,-1.416697
390,-0.2392462,-1.4460691,2.248616,0.4216571
391,-0.6451298,-0.8972223,1.3893633,0.994597
392,0.027388966,-0.7881884,0.4582481,1.9292096
393,0.35283437,0.11960817,-0.1352448,-1.623569
394,1.284524,0.29692236,-0.9250524,-2.995967
395,0.38915038,-0.5441237,-0.06875641,-1.7479966
396,0.0025303364,-0.69994056,0.19237967,0.33960432
397,-0.9769925,-1.2859843,-1.2850528,-1.4923365
398,-1.128188,0.17581813,-0.7609453,-4.571183
399,-0.41243112,0.14438434,-0.72620565,-1.752146
400,0.46828687,2.0022597,-2.3245199,-0.80129284
401,-0.5943645,1.340921,-1.5285357,-1.8464242
402,0.45355073,0.23023799,-1.0285621,-2.1862123
403,1.6731234,-1.3525479,1.5101644,-2.1188958
404,1.5846212,-2.7499232,1.3757503,-0.068842135
405,2.9860306,-3.509082,-0.8806668,-0.33661246
406,1.3164322,-2.189231,-0.058907367,-0.09745808
407,-0.3231521,-1.0237366,-1.7513174,-3.0917327
408,-2.0049267,-2.2978063,-0.062345356,-3.0634496
409,0.0925956,-0.71342605,-1.362844,-3.2369184
410,0.71918255,-0.9824593,-0.89922434,-2.2204118
411,0.4478431,-0.5409285,0.8235291,-1.8385575
412,0.5934588,1.2335707,-0.89401615,0.37321535
413,-0.71006787,1.7603388,-1.4787203,-1.7022511
414,1.9487044,0.9637065,-1.1129053,-1.0168428
415,1.4933143,-0.21659765,1.0644084,0.28891933
416,1.1547148,-2.3034337,-0.7317986,2.653322
417,1.5340669,-2.3315568,-3.4277987,0.05709957
418,1.5548561,-1.84322,-2.324556,-1.1833191
419,1.3122833,-2.2774334,-0.66821,-3.2646856
420,0.12812382,-1.7254603,0.6731267,-4.1581445
421,0.561155,-1.1309704,-0.4460653,-0.86869997
422,2.274833,-1.0165353,-0.7484223,-0.6454295
423,2.937803,-1.3615773,1.0313491,0.8726315
424,3.6496487,-0.7844494,-1.0388219,-0.2965655
425,2.0435383,-0.10717394,-0.3348919,0.55878705
426,0.440872,-1.1654208,0.41025084,2.3456488
427,0.1828235,0.5951379,0.5094344,1.3771557
428,0.18370135,0.3180084,-0.09949722,1.1868098
429,1.2227825,0.2414555,0.08503435,0.543823
430,-0.83651686,0.87723327,-2.1529624,-1.0264909
431,0.9439885,0.8472794,-1.7265863,0.09193484
432,0.5027841,1.5462322,-0.051530883,-0.9064647
433,-0.074932225,1.3694867,-0.5982563,0.5310883
434,-1.064557,0.34620333,0.018766958,-1.3309906
435,-2.4000466,0.60384583,0.31258523,-1.8480198
436,-0.856862,-0.72103417,-0.54549676,0.46167347
437,-0.52648544,-0.3961642,-0.41786385,-0.69641083
438,-1.6585007,-0.31054494,-1.3561944,0.82303566
439,-2.4560292,-0.4254983,-1.2785176,-0.6853033
440,-2.055005,-0.42638633,-0.6053481,-3.2037318
441,0.23051794,-2.1803195,-0.6419794,-1.1278427
442,-0.09822878,-2.0749485,-1.2974813,-1.6877815
443,-1.5719031,-1.3596191,-0.8591597,-0.93005174
444,-1.3460753,-0.79187703,-0.3012745,-1.2767782
445,-1.2149763,-1.581989,-2.628169,-2.60193
446,-3.54737,0.15831551,-0.7144035,-2.4871378
447,-2.537454,-0.75535405,-1.3712674,0.23779579
448,-2.0071523,0.44070938,-0.9187054,-0.6189638
449,-0.70880026,0.73569095,0.4246056,-0.98587406
450,1.352796,-0.13124363,-1.1539928,0.8562141
451,2.073522,1.6834403,-1.0421269,0.33586743
452,1.1825768,-0.015228545,-0.05821968,0.678423
453,-0.27872217,0.9084942,-0.57939374,-0.6100743
454,2.3782542,1.6365283,1.5711942,-0.11598479
455,1.7239964,0.47494957,0.73178154,2.4204836
456,1.2207267,1.72493,0.25013322,0.86463314
457,0.8303836,0.9574045,0.918587,2.4595337
458,0.77935326,0.9588768,-0.3852984,1.6170999
459,0.40118688,0.9315356,-0.24068391,-0.047402922
460,-0.29283115,0.5177662,0.46365583,1.1489418
461,-0.7518408,1.1732446,-0.056045488,0.4032318
462,-0.5590418,1.6147599,-0.03712883,0.9826701
463,-0.934754,-0.6182,-0.3367529,0.29760152
464,-1.3671737,0.8716003,-1.9934375,-0.3860775
465,-0.85059136,-1.0523719,-0.77424026,-0.5573605
466,-0.85039115,0.29588586,0.9872204,-0.62233585
467,0.90871924,1.3338252,0.40111077,-1.960479
468,-2.0148664,-0.1572888,0.87432843,-1.2964822
469,-0.3188996,-0.52091646,0.6954559,0.32611743
470,1.0228554,-1.4703462,-1.0895658,0.108529545
471,-1.3573915,-1.2441634,1.0682336,-1.005644
472,-1.2928617,-1.1789486,0.21613464,-1.8538493
473,-1.2764441,-0.045603525,1.2455621,-2.2291842
474,-2.3010225,1.2783862,-0.37466148,-2.679657
475,-2.3885324,2.290554,1.426204,-1.5275353
476,-2.7825484,1.0412198,1.4686618,-0.6585657
477,-0.19551344,0.519632,0.9391052,-0.9908153
478,0.798819,-1.3196958,0.7684008,-0.023983723
479,1.8307284,-1.7296572,0.031496413,0.5575621
480,2.003182,-0.24590841,1.2364942,2.3490353
481,0.27317554,1.443447,1.1100616,0.27378312
482,-0.3332974,-0.22393599,-1.0687144,2.0562434
483,0.25606638,-0.7492195,-1.7629902,1.2566667
484,-1.0428814,-0.5508594,-1.1659715,-1.0802528
485,-0.017018508,-0.1054404,-0.5917349,-1.0140018
486,-0.25223833,-0.88341177,-0.37694773,-1.1244197
487,-0.5513876,-0.1943272,0.80336696,-0.6419884
488,0.32498863,-0.6098684,-1.6985614,1.4245393
489,0.6717554,-0.44136015,-0.7626687,0.4390214
490,0.109262586,0.23733215,-2.1532347,0.42522854
491,1.2358136,0.17255478,-0.24758613,-1.0521928
492,-0.21599373,-0.31559756,0.0634219,-1.7222946
493,0.46474,-0.3305281,0.34500268,-0.97833556
494,0.91841924,-0.31973264,-0.6645392,0.98011744
495,0.33334702,-0.59382385,1.0669327,-1.2811992
496,0.5594759,-0.67447275,1.5230957,-1.1928912
497,-0.8594804,1.1265162,1.3220928,0.23535016
498,0.32239076,1.3494809,0.5849363,-0.30827048
499,0.040771402,0.6491563,1.2066997,-0.3474828
500,-0.49418303,1.1513638,0.03444285,0.05807369
501,0.7030811,0.47213522,1.0042133,-1.1971747
502,-0.21218693,1.5036193,2.3866308,-0.8162632
503,-1.5569922,1.4221758,2.5222125,1.5898614
504,-2.6465237,0.8882209,0.5045405,0.31049642
505,-1.2465566,1.0694716,0.26202703,-1.623518
506,-2.153019,-0.822246,-1.1975449,-1.2100383
507,0.24768098,-1.7023398,-0.62143517,-0.82613075
508,-1.9085528,-2.385563,-0.15104592,-1.0668799
509,0.36046937,-1.526951,-2.8041623,-1.8105745
510,0.46334603,0.6636493,-2.797161,-2.0348322
511,0.22762911,2.6958547,-1.4563203,-3.453106
512,-0.3855787,2.5251493,-0.44432306,-0.88436806
513,0.12923104,2.268449,-1.0037243,0.27987272
514,0.05282702,-0.21314335,0.36665258,-0.21931309
515,1.1402808,-0.69187415,0.40273663,1.032797
516,0.9124242,-1.2720957,0.096780516,-0.46360135
517,0.7889987,-1.5113145,-0.7793355,0.9092463
518,0.1886869,-1.226064,0.5145762,0.06199479
519,0.075135216,-1.3303354,1.7052197,-0.31339964
520,0.36039644,-2.9105346,0.11800836,0.28581437
521,-1.4578909,-1.289464,-1.0631903,-0.4557633
522,-2.368709,-1.9753679,-0.5898585,0.06323048
523,-0.9148323,-1.1435107,-1.5217739,-2.1561456
524,-0.46951717,1.2736251,-1.3119528,-2.6453557
525,-0.51264536,-0.027847003,0.24449834,-0.3857989
526,-0.34041783,-2.5497804,-1.8952055,-0.7601536
527,0.10928923,-2.0708504,-0.2073401,-0.7396502
528,-0.46325722,-0.3486356,-0.42330176,0.9283277
529,-1.1025847,1.7143025,-0.7855226,-0.36216325
530,-0.57596403,-0.029537868,-0.35965186,0.34463155
531,-1.3815476,0.47602272,-0.33849695,-1.2808006
532,-0.55883056,-0.13209455,-2.0815547,-0.07409066
533,-2.093765,-0.19841453,0.3159759,-0.80101913
534,-0.4364799,2.505453,-0.2591223,-0.1794149
535,0.16706155,0.25084683,0.7272356,-0.4071923
536,0.37297282,0.42933244,1.3987492,-1.4494845
537,1.2437719,0.7682259,-0.16132686,0.643419
538,2.5361147,1.6235445,0.79520804,-1.4681667
539,2.7896504,1.2344643,0.96189475,0.24539787
540,0.111881115,1.1721755,2.1325412,2.228922
541,-1.2012602,0.4288743,-0.80414546,2.1932943
542,-1.4657007,0.569339,-0.65564424,2.3495252
543,-0.99989945,0.055345006,-1.1099151,1.5233891
544,-0.1822706,0.6603134,-0.3116055,-0.6774197
545,-0.85333323,0.09260906,0.40985,-0.27268815
546,-0.4105665,0.44192675,-0.6548457,-0.1446508
547,-1.0427796,0.28008592,-1.0333247,-1.8957034
548,-1.3414634,1.3221104,-0.7798665,-2.264549
549,-2.3456855,0.8740836,-1.290446,-1.7823977
550,-2.5652132,-1.1611739,-0.097559735,-3.5596786
551,-3.1473339,0.44909978,-1.1632645,-2.1606793
552,-3.179007,-0.5913624,-4.028267,-2.1182961
553,-1.1716632,-1.06772,-3.1430295,-4.885593
554,-1.7695631,-1.3430653,-3.0579352,-3.2551126
555,1.393688,0.43429238,-3.7827692,-2.431872
556,1.4688995,-1.8316696,-2.7632153,-1.8932259
557,1.2130657,1.8555797,-1.3447531,-2.2591987
558,-0.0092117665,2.3549626,1.2699933,-0.23640946
559,0.69386166,1.8717127,1.4173313,1.562804
560,-0.089934655,1.2553049,0.6152772,2.0125725
561,0.059055556,1.1642675,0.9966168,0.45960167
562,2.6014235,1.3361098,0.28388268,1.1037529
563,1.7249366,1.5804924,0.23484762,2.5380416
564,2.3567288,1.6619492,-0.3758531,1.1736125
565,0.94653374,1.2529451,-1.1360197,3.2207785
566,0.6275851,0.67972314,-0.5180378,0.7481683
567,2.2101102,0.32453293,0.16049623,0.38592082
568,0.92011005,0.032264773,0.49055308,0.05300987
569,2.4565256,1.1563555,0.019784577,0.631171
570,2.4273198,1.4030056,-0.21327756,-0.75926334
571,1.136657,-1.9582847,1.2676725,-0.16899309
572,1.4280677,-0.7148985,-0.84762114,-0.8169751
573,1.9722018,-0.30569276,0.49485114,-0.38786632
574,2.0023513,-0.23269369,-0.4214897,1.3705431
575,-0.16857886,-0.55140406,-0.6092486,1.379559
576,-0.84514236,0.73812985,-1.915406,-2.2075315
577,-0.8391183,1.4642173,-1.4805077,0.37149227
578,-0.66181624,0.25207442,0.3600784,-0.02330644
579,0.15740074,0.5835044,0.61371887,-0.7237388
580,0.28788152,-0.5632037,1.4334626,0.26130098
581,-1.1338272,-1.7738607,1.1838094,0.79903084
582,-0.4134812,-1.8684196,-1.0933027,-0.45525023
583,0.3211489,-0.44550025,-1.3338208,-0.8778847
584,0.78459466,0.64127487,-1.4719797,-1.5170248
585,1.629997,0.96197784,0.8797589,-1.3147899
586,1.97492,1.3984803,-0.23851427,-0.34189653
587,1.8416241,1.4951146,1.4491206,-0.9901555
588,1.2189711,0.40509862,2.284862,0.99677026
589,-0.80768114,0.7154916,3.296865,2.2227664
590,-0.1357586,1.3012536,1.2203081,2.7042983
591,0.112656675,1.6651689,1.5555751,2.6228669
592,0.35043854,2.3545315,3.4150043,2.3512821
593,-1.0314416,2.3564758,1.6308544,2.314783
594,-1.8030657,2.0009813,-0.45460624,2.6829257
595,-0.20899317,2.470837,-2.06773,-0.42660657
596,-0.18585037,1.7030647,0.13121587,-1.446037
597,0.55140543,0.3102706,-1.5140995,-1.1866858
598,0.41430217,0.054122455,-0.9570336,0.17207715
599,0.31976765,-0.70701694,0.052481335,0.7224909
600,1.1621212,-1.1700902,0.13396634,0.7198442
601,0.29744008,-0.9635818,0.49083424,1.4118601
602,0.30432883,-1.4669272,0.33447862,-0.25143334
603,-0.24924512,-1.3348105,1.2135855,0.14929356
604,-0.6089678,-2.827982,-0.6623348,0.103166066
605,-0.73544955,-1.7662936,-1.6955523,-0.06417533
606,-0.29268092,-1.2352,-2.1207843,-1.319464
607,-0.6836253,-1.6817286,-0.53577656,-2.0666184
608,0.77721846,-0.51796436,0.15943952,-0.9731203
609,-0.35055438,0.5749951,0.58279586,0.60254765
610,-0.4322597,-1.2050633,1.5197797,-0.14931966
611,-0.74231285,-1.6062691,-0.74561566,0.15964372
612,0.92735887,-1.8935307,0.82469994,-1.7625458
613,0.845706,-2.2653747,1.7423543,-3.0664337
614,1.6238387,-0.7562874,1.3228654,-0.6131059
615,-0.34887335,-0.7232273,2.616742,1.0663195
616,0.022838924,-0.77077395,-0.56267244,1.5208712
617,0.905618,-2.543404,-0.9553713,-1.7158692
618,0.7162166,-1.1449648,-1.5405463,-1.7469028
619,1.566832,-2.0407338,-0.1345435,-3.6190772
620,0.57949394,-1.368581,-1.2121928,-0.22652751
621,1.8149931,-0.6806298,-0.0064186454,-1.81936
622,3.5693934,0.8842178,1.5941994,0.7519648
623,2.1357367,-0.6898679,2.383025,2.7750576
624,1.0495132,-3.5024197,1.7644373,1.4518164
625,2.1880438,-2.2678442,-0.59623593,-0.3368648
626,3.111203,0.2130203,-1.1609291,-0.03883017
627,1.654982,1.3880606,1.333999,-0.6593831
628,0.73830056,1.1813018,2.0549572,0.9809395
629,0.2350258,0.33527508,1.3723795,1.1154516
630,-1.1799325,1.0418152,0.3823404,-0.6719659
631,-1.7446047,-0.2442756,-1.862261,-2.3739417
632,-2.225364,0.30536485,-2.399759,-1.8655728
633,-2.3255525,0.7192255,0.32753968,-2.6516905
634,-1.6625717,1.5636678,-1.4379512,-1.8040155
635,-0.92958546,3.8542275,-0.5492766,-0.62070364
636,0.8997907,3.0903752,1.3177341,1.2903786
637,-0.36850053,1.654299,0.20197761,1.5687336
638,0.726372,1.132435,0.54285896,0.6248455
639,0.29447156,-0.9763714,1.5811065,1.3389862
640,0.15666638,-1.3781731,0.66667265,-0.3252785
641,0.78448594,-1.3740036,2.957438,0.11540937
642,-0.5735819,-1.485891,-0.30778378,1.6631213
643,-0.019097561,-0.8877688,0.4929421,0.81047064
644,0.15308392,-1.4438581,-0.107703954,-1.5967609
645,0.59961,0.110329986,0.4599133,-1.7012961
646,0.7088956,0.07743806,0.8132518,-1.2328283
647,2.951527,0.04490632,-0.16926357,0.089323096
648,1.428329,-0.2964603,0.74365133,1.048055
649,0.46883333,-0.052331533,-1.2597021,2.4397666
650,-0.2949572,0.7884662,0.05669684,0.060360752
651,-0.76194715,-0.31520388,0.4252087,-0.3520477
652,-1.1707501,-0.87875915,0.63583434,0.9635062
653,0.3694915,-0.9188574,0.9661336,0.5264113
654,1.6791482,-1.9890711,0.7408135,1.7547963
655,0.6046574,-2.2116077,0.45651156,1.2249873
656,-0.40909538,-2.0243464,-0.97420263,-0.8059072
657,0.18504879,-0.54265326,-1.6860105,-2.5318606
658,-0.42268887,-0.117295966,0.27220854,-3.3101816
659,0.3370496,0.11148273,1.4644427,-0.6611343
660,0.43885773,0.9289359,0.5838174,1.5996267
661,-1.2085437,0.5128833,0.61147016,2.9962986
662,0.7015247,0.74948317,-0.7380114,2.1470807
663,2.2869449,0.42141646,1.0939527,2.0166678
664,0.98807275,0.5603539,1.7540655,1.2059041
665,0.30394936,-0.19051096,3.1279356,0.3372574
666,0.49862996,-2.572175,0.7083324,2.2588444
667,0.6834978,-1.9348017,-0.43855068,1.1898425
668,1.1369927,0.0683869,-0.2380902,0.15770032
669,2.8060994,0.9740862,0.76852036,0.5962914
670,1.7873224,1.6472578,0.9246297,1.6251473
671,0.45282847,2.3892112,0.2762698,2.9906437
672,-1.0623393,1.7611054,1.5879503,3.170159
673,-1.4745675,1.4300895,1.6548637,2.5872173
674,-1.0653242,0.38341075,-0.09773788,2.5337396
675,1.0488309,-0.047685325,1.1701913,1.3520806
676,0.21657029,0.58239144,1.9555234,0.74796814
677,0.37538716,1.6115584,1.2718506,1.9977537
678,0.24634811,0.98864466,1.1129122,0.3107358
679,1.3608369,0.241862,1.3575125,1.8703494
680,3.4795182,0.16983137,0.13759291,0.41716155
681,1.904794,0.72008866,0.8286978,1.237575
682,0.84391636,-0.93979275,-1.2130582,0.5063317
683,1.6349022,-2.954036,0.2507513,0.25152308
684,1.826323,-2.618362,-1.6999444,-0.09684224
685,3.1251335,-3.0535657,0.49503988,-2.4718783
686,2.7715216,-2.6456363,-0.06828656,-0.35572216
687,1.580773,-1.9997257,-0.22063324,-0.7223472
688,1.697196,-1.8530564,-0.82184106,0.42016402
689,2.2967408,0.15532807,-0.7301315,-0.19051722
690,2.4282007,0.4354744,1.5438794,0.51757526
691,2.2070146,0.60530645,-1.1431339,0.43974793
692,2.611585,1.0459217,1.2678627,-0.30822238
693,2.997405,-0.40668797,1.703456,0.6567188
694,3.4803426,0.7544302,0.16284984,2.3189158
695,3.0849497,0.45233685,-0.14693287,3.517038
696,1.9923468,0.9871164,2.310384,1.2503276
697,1.5413564,-0.38087574,0.80557775,3.0970254
698,2.2854586,-1.8203717,-0.51846546,-0.37654006
699,0.7828853,-0.4563706,0.97109914,-1.4591743
700,0.91669303,0.056950115,0.8894053,-1.0887055
701,0.24834633,-0.8621865,-0.29849428,-1.2375002
702,0.20258725,-1.4731936,-0.055390198,-2.320754
703,1.420263,0.0941992,-1.307569,-0.7915801
704,1.1852832,-1.1234725,0.7499293,-0.7508349
705,0.87613475,0.8562422,1.4486977,0.39140534
706,-0.7465618,-0.30125123,1.6028304,1.7729893
707,0.22366028,0.42751604,0.9535137,1.4063822
708,0.8020464,-0.029357236,2.3681803,1.7319568
709,2.7246873,0.58263737,1.3383144,1.7250603
710,1.5995029,-0.13626784,0.148748,0.6998215
711,1.3388023,-0.25818038,0.81649494,1.6898888
712,1.1865454,-0.13980709,2.710419,0.6295658
713,2.408035,-1.1000525,0.5497976,0.60974526
714,1.590329,-0.029212391,0.17503256,0.5474958
715,1.3922518,-0.53366226,0.8161856,-0.31157625
716,1.5824728,-0.6021635,0.5259059,-0.043868702
717,1.2943401,-1.4158638,-0.5232887,0.7329307
718,0.4596045,-3.5534382,0.8359088,0.40789384
719,0.5158132,-2.6784344,2.1192284,-1.0190759
720,1.434701,0.5377115,0.82322145,-0.48016864
721,-0.02222457,1.1610024,-0.09797508,1.6060365
722,0.11741248,0.7934413,-1.3701925,1.3273802
723,-0.6179321,0.29251808,-0.2449495,2.2401109
724,0.7624942,0.22722855,0.9163198,1.91311
725,-0.989441,0.70617914,1.1312722,2.4740095
726,-1.2515305,-0.68648744,0.5065799,-0.0024081946
727,-0.4988595,0.6337805,-0.72358537,0.57792544
728,1.2163223,1.1590277,-1.4269722,-0.08438657
729,0.78567535,1.5295051,0.59633523,-0.6804553
730,-0.005226761,1.5091293,1.6749754,0.5974034
731,1.8774983,1.0760071,-0.40746155,2.1549435
732,-0.13376512,1.4260662,1.9768091,1.7905253
733,-2.2924416,1.5900605,1.820936,0.88692015
734,-1.1646947,0.7590016,2.1695864,1.6851251
735,-1.3173405,-0.042300653,-0.3384732,0.82315844
736,-1.9433712,0.07224584,-1.806989,0.13862897
737,-0.6520034,1.5995922,-1.4266889,-1.3449191
738,-0.21260168,-0.11939259,-0.021042269,-1.1379917
739,-0.7128998,-1.5511,1.7194408,0.23623054
740,-1.7793343,-0.9210092,1.1129993,-0.71072507
741,-0.37307668,-0.5938187,-0.2262503,1.566036
742,0.38904753,-0.24233145,-1.3328736,-1.4785509
743,0.17315741,0.07432119,0.5929071,-1.6928945
744,1.9678472,-0.17117743,-0.6187561,-0.020287335
745,0.30740824,1.3700392,1.6784245,0.6880308
746,-1.3103395,-0.6418765,0.8903171,1.1815958
747,-1.6091456,-1.2778106,1.6452974,0.38093126
748,-1.171988,-0.99772215,0.9241888,0.6436503
749,-0.5770522,-2.3415942,-0.10884313,-0.03787589
750,-0.6451726,-1.8149704,-1.1575472,0.75076437
751,-0.09956542,0.3909909,-1.4117101,0.18460739
752,-1.3212353,0.29458013,-0.21925329,0.44026837
753,0.51889986,0.436907,-0.23780116,-1.0830817
754,0.28107873,-0.95432985,-0.5215506,-0.4165802
755,1.3140509,-1.2843922,-0.561057,-0.81036854
756,1.262561,-1.2742709,-0.19601972,-1.54824
757,1.3405459,-1.2097048,-2.229086,-0.33988166
758,1.5081494,0.43485042,-0.6302066,-1.5390645
759,1.5034131,0.86208636,-0.9062246,0.17629538
760,1.695112,-0.5079975,-1.1333447,-0.8890634
761,2.5157309,-0.10909347,-2.0165937,1.1475003
762,1.9575328,0.4218563,-2.3208618,-0.76264256
763,2.0792766,1.4354484,-2.0400007,-0.5382216
764,1.365758,2.5853546,-1.0260763,0.46351534
765,2.3961477,0.794654,2.2304435,-0.0054423274
766,1.0009111,-0.25459972,1.2275023,2.3806295
767,2.501578,-1.4357977,0.94076353,0.3633315
768,1.7109467,-1.2390783,1.0840192,2.1869118
769,-0.23311237,-0.40099645,0.7674485,1.4168953
770,-0.035074238,0.70663697,0.17945902,0.15050432
771,-0.70560366,0.41869485,-0.9712517,-0.03288386
772,0.34672096,-0.026761126,0.9079199,0.34988326
773,-0.40991926,0.1330252,2.3251486,-0.01734208
774,-0.73312694,-0.74202526,-0.5754632,0.11838603
775,-2.4027295,1.5701212,-1.6067907,-0.6993979
776,-2.134217,-0.5085762,-1.2497274,-2.2659593
777,-3.9178314,-0.17126277,-2.1179602,-0.114289396
778,-4.326385,1.9037224,-1.3708334,-2.2771132
779,-2.268055,1.3394055,-1.8982215,-1.1120944
780,-0.80183834,0.7475448,1.0302154,-1.1803862
781,-0.13582927,0.16583596,1.6947975,-1.055461
782,-1.0620567,-0.06430651,1.0659741,0.2557812
783,-0.79115105,1.327834,1.3347007,1.0874323
784,-0.5574083,-1.2823781,1.8805875,0.8879284
785,-1.5485505,0.635769,0.008388949,1.932562
786,0.41941297,-0.9789188,-0.994579,1.6153394
787,1.1709514,-0.9518955,-0.5310476,1.0553179
788,0.5987018,-1.0955713,0.6399235,-0.20613748
789,0.4459771,-0.17834665,0.3596483,-1.005702
790,0.52056676,-1.722967,-1.3436463,-0.818483
791,-1.6773382,-0.74390423,-1.7151276,-0.9090908
792,-1.4213141,1.5035766,-1.4157852,-0.9881491
793,-1.6769041,-0.31067032,-0.7671057,-3.1166928
794,-2.175453,-0.02776306,1.1914744,-1.9591475
795,-1.8039174,-0.68141633,-1.230894,-0.5896232
796,0.5349444,-0.051104236,-0.6069245,-1.5028179
797,1.015304,-0.016625188,1.2824188,0.544145
798,0.1395338,-0.6531245,3.112395,1.3521414
799,0.67025644,0.030685116,1.049082,2.9932883
800,1.8685349,1.8258277,1.1561588,1.5411758
801,2.232608,1.0871756,1.8867123,2.7552838
802,1.6224561,1.4807808,1.8027947,4.155822
803,0.48878247,-0.25672638,1.4231995,4.3157873
804,1.0403711,-1.1361449,1.1939864,1.2498643
805,1.1217451,-0.32289514,-1.9544077,0.7047095
806,1.6804148,1.2580894,-0.13536437,-0.685274
807,1.8114622,1.2362759,0.6461966,0.7487
808,2.3175762,0.55233514,0.71017104,1.8538599
809,1.0870681,0.385926,2.97593,0.76070195
810,2.0783417,-0.9802595,1.1076298,1.8570901
811,1.6524388,-0.08166632,0.37035537,-0.6144229
812,3.231968,0.82516664,2.4908855,1.6584724
813,1.5731897,0.12552632,1.2248083,1.9587959
814,2.8371966,-0.38217372,0.4020321,1.6690488
815,2.1839485,-0.0016433715,0.5449952,1.0097872
816,0.8773459,-0.43787012,1.5496932,2.2044017
817,0.13025633,-0.37264168,1.0705442,-1.2479733
818,-0.22916788,1.8388724,-0.80583024,-0.13605912
819,0.2637484,1.040185,-0.6131428,-0.1606336
820,0.7074594,0.36978933,-0.6531392,-0.5023602
821,-0.07847844,-0.38868928,-0.18834087,1.4794767
822,-0.0792895,0.47210944,0.23823966,-0.46430868
823,2.0867677,0.14925244,0.6158896,0.7599325
824,3.1882806,-0.54489636,-1.0208629,1.3537858
825,2.6681201,0.9398766,1.0821865,1.9233651
826,1.9056876,2.0775166,1.5152614,1.2566309
827,1.4540126,0.853838,2.9388037,1.1724288
828,1.6313268,-1.2688533,2.3751702,3.202133
829,0.11913618,0.119316325,2.3614028,2.7287374
830,-0.17398123,-0.6011084,1.6949372,0.5388092
831,-1.790371,0.3698497,2.0386765,0.19917561
832,-0.85403657,-1.711209,1.2574847,0.99741924
833,0.049370337,-0.30524904,0.01777799,1.2266766
834,-0.4486272,-1.4248463,2.230148,-0.23262455
835,1.2599478,-0.26662832,1.6294166,-2.4899414
836,-0.34380227,-0.17236675,1.5871167,0.37767714
837,-1.7050365,-1.0745962,-0.5859798,-0.5376369
838,-0.9690737,-1.1592536,-2.1372242,-3.022712
839,0.36874667,-0.12515905,-1.201562,-5.321966
840,1.9420503,0.018283116,-0.4065423,-1.7467129
841,0.90055096,0.5972112,-0.42532703,-0.34061792
842,1.7090665,2.3944883,0.22787161,-0.23248194
843,1.1578381,0.11190019,2.5232737,2.2078912
844,0.63785934,1.6955427,2.210987,2.7837384
845,1.3301615,1.2912358,0.43116546,4.0808706
846,1.5834359,0.0050810217,0.62835336,0.93635833
847,-0.46798706,-1.326757,-0.17308645,0.9090374
848,1.1489494,-1.1178503,-0.833192,-1.6812819
849,2.184356,0.1391549,-0.82399184,-1.228952
850,0.90348643,-0.0301407,-0.42493933,-0.6050913
851,1.028244,1.4900564,-1.292936,0.3892705
852,1.213801,-0.40813622,-0.2704626,0.18775776
853,1.1103345,-0.2977843,-0.53470594,0.7514581
854,0.22692904,-1.4608425,-3.0342917,0.95265096
855,-0.51277304,-0.65895784,0.28904355,1.0754898
856,-0.3844952,0.4256169,0.99894524,-0.0038295002
857,0.9035824,-0.12282997,0.13139623,-0.5347521
858,1.1761078,-2.6901948,0.24066764,0.24089177
859,0.45266113,-1.6841882,-1.3541379,-0.9124736
860,1.0885615,-0.7421932,0.7723484,0.32901075
861,-2.0865495,-0.1152405,2.3527367,0.22659929
862,-0.311819,1.1551138,0.89270407,0.025800038
863,-1.9579871,-0.26247394,1.6385416,0.06474493
864,-1.7330319,0.49648437,0.5504654,0.9556398
865,-2.3327923,1.5400466,-1.3088022,0.1973856
866,-2.9276361,-0.70055497,-1.2247736,-1.2447827
867,-0.8885185,-0.17073667,-1.206097,-0.048108954
868,-1.0896641,-0.6236955,-1.2694473,-1.5697033
869,-0.416261,-0.5181095,-1.1960489,-1.4427661
870,-0.33830327,-0.0150001645,-0.87629807,-0.5900939
871,0.24022853,-0.49772868,-0.5896882,-2.2885528
872,0.24498187,-1.0241182,-0.29408562,-0.7225359
873,-1.1115049,-0.6827303,-1.3634751,-1.6175836
874,0.21821341,-1.5651572,-1.7576007,-0.7284878
875,-0.3410072,-2.181435,-2.4327734,-2.2264752
876,-1.7952869,-0.84763134,-0.7430596,-1.6754189
877,-1.684816,-1.742136,-3.0057604,-0.39014196
878,0.32138863,-0.55318266,-1.0346802,-1.1823148
879,1.0751938,0.07536343,0.8226505,-0.6818402
880,0.4039835,-1.6730523,0.33925608,0.055134594
881,-0.06646925,-1.8487012,-2.6873226,-0.67247707
882,-0.36816353,-0.09998143,-2.088006,-0.2559194
883,1.8190334,-1.0511525,-1.2018162,-1.7306944
884,1.6552588,-1.2002109,-1.45793,-2.0564942
885,1.5887228,-0.37808675,-1.1531737,-0.64939123
886,2.1423895,0.5187298,1.1957357,-1.2750356
887,1.7384619,0.11157199,1.7950188,-0.44955966
888,0.95788115,-0.51940984,0.34295204,-0.5354138
889,0.47416696,1.0587829,-1.3384289,-0.47220027
890,0.26031563,2.4800477,-0.6896418,-0.5003767
891,0.1449987,2.7148914,-0.010205018,0.31515703
892,0.8291286,1.9857421,1.0630747,1.645265
893,0.6323359,0.58175373,0.5591948,2.1732078
894,1.1752752,-0.4232168,1.0339149,1.1449068
895,0.7419761,0.22626235,2.602523,0.82374465
896,0.59801847,0.57678187,2.3104105,2.0743122
897,-1.5795877,1.8053459,1.3420767,3.2614193
898,-0.18938373,1.9141922,0.5330395,2.012864
899,0.21391986,-0.1631457,0.25480834,0.89419234
900,1.147754,0.9377456,1.3182,-0.52311087
901,-2.0928278,-0.34163874,0.44888645,-0.71006966
902,0.62339514,-0.6231184,-0.21722738,0.074903056
903,0.29678696,-0.18598267,-0.05736044,0.5211042
904,1.3159337,1.8654796,-0.5083035,0.78502196
905,-0.118752316,4.4157543,-0.9903346,0.61831063
906,0.5296473,3.697751,0.68720764,2.1175256
907,-0.6826624,2.405229,1.1280795,1.4832544
908,-1.1016327,2.218166,1.4087936,2.3443162
909,1.1428885,2.4403718,0.39410314,1.6858077
910,0.6093396,1.3875926,2.1345248,0.9402656
911,0.6439706,2.7665262,0.5898751,2.221833
912,1.3208472,2.166639,2.6890771,2.2164187
913,1.4202749,2.0143905,0.29439926,3.0166683
914,1.1446114,2.0759976,1.2689028,2.0926385
915,1.166189,1.874785,1.7540039,1.9508452
916,3.219748,2.15129,0.6896396,4.4785066
917,2.196205,0.88864976,1.8434215,4.3257227
918,1.7384425,0.06375308,2.8182003,3.8074553
919,2.2675643,-1.0555271,-0.4472795,3.1225007
920,2.692821,-0.29936773,0.5215125,2.319653
921,3.072005,0.5693791,-1.753824,2.1331515
922,2.7891338,0.85633826,-1.1142999,0.90621257
923,0.80938876,2.2739294,1.8011109,0.3422951
924,2.2000036,1.5861546,0.935437,1.3931087
925,0.39365715,1.7790499,0.05107013,-1.4817755
926,0.57819545,0.153634,0.26213875,0.07286007
927,-0.34953904,-0.27955592,2.3453417,-0.20811066
928,-0.3088157,0.4998486,-0.78483033,2.3217432
929,0.11259143,1.1989962,-1.4055185,0.6723159
930,0.40017122,0.5453304,1.0569899,-1.219927
931,0.7020406,0.31013203,2.5752976,0.074045375
932,2.1051397,-1.3007814,1.3866521,0.21605054
933,1.9271321,-1.2675762,-0.3848549,1.2753601
934,1.1048359,0.0030798316,2.0353274,0.7790606
935,1.7374723,0.5773609,2.8336892,2.305178
936,2.4057012,0.90481836,2.558758,1.7276317
937,0.45638296,0.68314654,1.1290805,2.410668
938,0.91686815,0.48526573,0.7434168,0.27878344
939,1.3429805,-0.3206351,0.49177507,1.3908017
940,0.6425229,0.47438383,0.7812079,1.4763709
941,1.8254728,0.7530416,2.0649867,1.622218
942,1.1277754,1.019148,2.4276133,1.9922038
943,0.9150193,0.18736877,0.5658152,2.6120844
944,0.46744165,-2.0221848,1.8798817,3.0959764
945,0.3427882,-0.3183767,0.94212437,1.3943003
946,-0.85632336,-0.70170116,1.1630104,1.0780973
947,-2.039477,-1.3539666,1.7364413,-0.5012881
948,0.1668711,-0.25429773,-0.9220484,-1.0528885
949,-0.73015153,-0.57002103,-0.5143351,-0.7096468
950,-1.5024984,0.6609217,-1.0486567,0.3543063
951,-3.2051392,1.0796511,-2.2605033,-0.7023363
952,-2.882559,1.4393251,-1.2086393,-1.8461499
953,-3.340881,-0.35842815,1.6185902,-1.9174477
954,-0.69660157,0.96104425,-1.7706445,-1.3941615
955,0.52219605,0.9339815,-0.8647143,-0.9180624
956,-0.32261312,0.2845099,0.49942127,-1.9191327
957,2.0266068,0.3425454,0.3651682,0.7054343
958,2.4003901,-1.5364535,0.5432865,0.23664913
959,1.3554417,-0.66686463,-0.85478574,1.206665
960,-1.5505965,-1.4961767,-0.05689071,-0.9915314
961,1.2055252,-2.399994,-1.394564,-0.35988337
962,-0.5457049,-3.202355,-3.1260974,-0.26872808
963,-2.0273921,-1.12896,-1.1180685,-1.72334
964,-0.396604,-1.4195354,-0.23191884,-2.7622623
965,2.1621296,0.540053,-0.42752632,-1.3113523
966,2.8977635,-0.15776436,0.55574805,-1.338171
967,2.5923436,-1.817793,1.9001918,-0.01773259
968,2.4093947,-2.3889797,1.3293457,1.9373069
969,2.5399919,-0.43647417,1.5727733,2.1074457
970,2.536923,-0.4614301,0.909608,1.9079741
971,2.0570376,-0.87128836,2.1818862,0.5673249
972,1.5441275,-0.44988364,1.6488787,1.982422
973,1.0182961,0.18686417,1.23734,1.6907502
974,-0.041157316,1.2482038,-0.41035908,-0.90804756
975,-0.3094852,2.3222418,0.32318562,0.4966765
976,-1.9095964,1.2658006,-0.2678108,0.7062633
977,-1.4350572,-0.43998724,-0.90094733,1.249073
978,-1.9931312,-0.7214562,-1.6408582,-1.3310292
979,-2.4987812,-0.24473885,-2.4295814,-4.9083767
980,-1.5692527,-1.1350762,0.36127663,-3.2048035
981,0.29352543,-1.7517042,0.97111166,-1.3867129
982,1.1237844,-0.88240504,2.1142876,-2.148548
983,-0.7838515,-0.6663359,-0.117475346,-0.94392776
984,-1.5383242,-0.43363813,-0.2775214,2.0406191
985,-0.1360558,-1.062042,-1.8266608,0.005236016
986,-1.0777265,-0.9738301,-1.8486449,-0.23723044
987,-0.9790417,-1.6059142,-2.252761,-1.8953212
988,-0.13527708,-0.23394156,-0.40378767,-4.266527
989,-1.0630383,0.87149024,-0.6719673,-2.112228
990,-0.6387513,-1.2361447,0.694086,-1.4175922
991,-1.7811514,-1.7948121,0.5761847,-1.06426
992,-1.8481736,-2.7528977,1.8765384,-1.0250636
993,-0.9739396,-2.5770524,-1.4613893,-0.31535602
994,-2.2747514,-1.8873746,-0.1816598,-1.5710135
995,-1.1518513,-2.7708075,0.22318581,-2.7975008
996,-0.8259337,-2.8614252,-1.6463177,-1.328073
997,-0.02566365,-3.006955,-0.55349725,-3.8765998
998,0.20594957,-1.8976011,-0.54712737,-4.42892
999,1.5083051,-1.2589765,-0.83937025,-1.5895686
